Filename,Size
1A-1.jpg,242141
1A-2.jpg,973427
1A-3.jpg,4926696
1B-1.jpg,981074
1B-2.jpg,1897074
1B-3.png,1271946
1C-1.png,2420071
1C-2.png,198962
1C-3.png,146340
2A-1.jpg,3293026
2A-2.jpg,2122167
2A-3.jpg,2086037
2B-1.jpg,2149843
2B-2.jpg,3333810
2B-3.jpg,3019618
2C-1.png,6751911
2C-2.png,5160160
2C-3.png,2594304
3A-1.jpg,2409086
3A-2.png,2172942
3A-3.jpg,9183468
3B-1.jpg,4674853
3B-2.jpg,281327
3B-3.jpg,540594
3C-1.png,156346
3C-2.png,14681
3C-3.png,262881
4A-1.png,238022
4A-2.jpg,255335
4A-3.png,510974
4B-1.png,113918
4B-2.jpg,1948686
4B-3.png,1249045
4C-1.png,316241
4C-2.png,103317
4C-3.png,1046853
5A-1.gif,310753
5A-2.gif,4611436
5A-3.gif,2105625
5B-1.gif,4921
5B-2.gif,296999
5B-3.gif,199985
5C-1.gif,1822711
5C-2.gif,52294
5C-3.gif,411953
6D.jpg,693597
6E.jpg,2135210
6F.jpg,263073
6G.jpg,899
